{
    "loss": 17.4517822265625,
    "accuracy": 0.5686274766921997
}